region,title,location,price,url,fetched_at
Hồ Chí Minh,"Bán Nhà Phố có Thang Máy Thiết Kế Đẹp Đường Lê Đức Thọ, Quận Gò Vấp","Quận Gò Vấp, TPHCM",13 tỷ 900 triệu,https://mogi.vn/ho-chi-minh/mua-nha,2026-02-02 15:50:42
Hồ Chí Minh,Cần Bán hoặc Cho Thuê nhà mặt tiền trung tâm quận 3,"Quận 3, TPHCM",27 tỷ,https://mogi.vn/ho-chi-minh/mua-nha,2026-02-02 15:50:42
Hồ Chí Minh,"Bán shophouse Starhill căn góc – 2 lầu, đối diện trường Đinh Thiện Lý","Quận 7, TPHCM",27 tỷ 500 triệu,https://mogi.vn/ho-chi-minh/mua-nha,2026-02-02 15:50:42
Hồ Chí Minh,"Bán nhà MT đường Số 17B, P. Bình Trị Đông B, 5 x 20m, 3.5 tấm, giá 12","Quận Bình Tân, TPHCM",12 tỷ,https://mogi.vn/ho-chi-minh/mua-nha,2026-02-02 15:50:42
Hồ Chí Minh,"Bán nhà MT đường Số 6A, Bình Trị Đông B, 6 x 21m, cấp 4, giá 18 tỷ. kh","Quận Bình Tân, TPHCM",18 tỷ,https://mogi.vn/ho-chi-minh/mua-nha,2026-02-02 15:50:42
Hồ Chí Minh,"Bán nhà MT đường Số 6D, P. Bình Trị Đông B, Q. Bình Tân, 5 x 18, 3.5 t","Quận Bình Tân, TPHCM",8 tỷ 500 triệu,https://mogi.vn/ho-chi-minh/mua-nha,2026-02-02 15:50:42
Hồ Chí Minh,"Bán nhà MT đường Số 1A, P. Bình Trị Đông B, 4.2 x 20m, 2.5 tấm, giá 8.","Quận Bình Tân, TPHCM",8 tỷ 800 triệu,https://mogi.vn/ho-chi-minh/mua-nha,2026-02-02 15:50:42
Hồ Chí Minh,"Bán nhà MT đường Số 3, P. Bình Trị Đông B, 4 x 20m, 3.5 tấm, giá 9.4 t","Quận Bình Tân, TPHCM",9 tỷ 400 triệu,https://mogi.vn/ho-chi-minh/mua-nha,2026-02-02 15:50:42
Hồ Chí Minh,"Bán nhà Góc MT đường Chợ Lớn, P.11, Q.6, nhà 4.5 tấm, 5 x 18m, giá 19.","Quận 6, TPHCM",19 tỷ 900 triệu,https://mogi.vn/ho-chi-minh/mua-nha,2026-02-02 15:50:42
Hồ Chí Minh,Bán MTKD đường Tên Lửa ngay sát Aeon Bình Tân giá 20 tỷ TL nhà mới .,"Quận Bình Tân, TPHCM",20 tỷ,https://mogi.vn/ho-chi-minh/mua-nha,2026-02-02 15:50:42
Hồ Chí Minh,"Bán nhà Góc 2 MT đường Tạ Mỹ Duật,khu tên lửa, 4 x 20m, 3.5 tấm, giá 1","Quận Bình Tân, TPHCM",10 tỷ 700 triệu,https://mogi.vn/ho-chi-minh/mua-nha,2026-02-02 15:50:42
Hồ Chí Minh,"Bán nhà MT đường Số 38, P. Tân Tạo, 4.5 x 15m, 2.5 tấm, giá 8 tỷ","Quận Bình Tân, TPHCM",8 tỷ,https://mogi.vn/ho-chi-minh/mua-nha,2026-02-02 15:50:42
Hồ Chí Minh,Bán cặp nhà đường số 7B ngay Công An  p. An Lạc A giá 27 tỷ TL,"Quận Bình Tân, TPHCM",27 tỷ,https://mogi.vn/ho-chi-minh/mua-nha,2026-02-02 15:50:42
Hồ Chí Minh,"Bán gấp nhà xưởng 280m2, mặt tiền đường số Nguyễn Thị Định, Q.2, 30 tỷ","Quận 2 (TP. Thủ Đức), TPHCM",30 tỷ,https://mogi.vn/ho-chi-minh/mua-nha,2026-02-02 15:50:42
Hồ Chí Minh,Bán biệt thự khu tên lửa đường số 18 cần bán gấp 18.5 tỷ,"Quận Bình Tân, TPHCM",18 tỷ 500 triệu,https://mogi.vn/ho-chi-minh/mua-nha,2026-02-02 15:50:42
Bình Dương,Nhà Phố Thương Mại Mặt Tiền Đường Lê Lai Chỉ 2 tỷ 500tr Nhận Nhà,"Thành phố thủ Dầu Một, Bình Dương",8 tỷ,https://mogi.vn/binh-duong/mua-nha,2026-02-02 15:50:44
Bình Dương,Bán 2 Dãy Trọ Gần Cổng KCN Mỹ Phước 3 Khu Công Nhân Đông Đúc,"Thị Xã Bến Cát, Bình Dương",4 tỷ 550 triệu,https://mogi.vn/binh-duong/mua-nha,2026-02-02 15:50:44
Bình Dương,Cần Bán Gấp Nhà 300m Vị Trí Siêu Trung Tâm Ngay Cổng Chính Mỹ Phước 3,"Thị Xã Bến Cát, Bình Dương",4 tỷ 750 triệu,https://mogi.vn/binh-duong/mua-nha,2026-02-02 15:50:44
Bình Dương,"Bán Gấp Nhà Hẻm Vĩnh Phú 39, P.Vĩnh Phú, Tp.HCM Vị Trí Đẹp, Gần Quốc L","Thành Phố Thuận An, Bình Dương",5 tỷ 400 triệu,https://mogi.vn/binh-duong/mua-nha,2026-02-02 15:50:44
Bình Dương,Siêu phẩm nhà 1 trệt 1 lầu giá rẻ 120m2 ngay Trung tâm Thủ Dầu Một,"Thành phố thủ Dầu Một, Bình Dương",2 tỷ 300 triệu,https://mogi.vn/binh-duong/mua-nha,2026-02-02 15:50:44
Bình Dương,"Siêu Hiếm 2 Dãy Nhà Trọ Full Phòng Tại Mỹ Phước 3 MT đường 16m, SHR, G","Thị Xã Bến Cát, Bình Dương",4 tỷ 550 triệu,https://mogi.vn/binh-duong/mua-nha,2026-02-02 15:50:44
Bình Dương,"CƠ HỘI CUỐI TRƯỚC ""NGÀY 1/1/2026"". Đừng để lỡ như đã lỡ Hà Tây!","Thành Phố Dĩ An, Bình Dương",6 tỷ 400 triệu,https://mogi.vn/binh-duong/mua-nha,2026-02-02 15:50:44
Bình Dương,"bán gắp đất ở dĩ án gần chợ, gần tuyền metro","Thành Phố Dĩ An, Bình Dương",4 tỷ 200 triệu,https://mogi.vn/binh-duong/mua-nha,2026-02-02 15:50:44
Bình Dương,Chính chủ cần bán lô đất nên ngày tuyến Metro s12,"Thành Phố Dĩ An, Bình Dương",4 tỷ 200 triệu,https://mogi.vn/binh-duong/mua-nha,2026-02-02 15:50:44
Bình Dương,Sycamore- Khu biệt thự đẳng cấp của CapitaLand,"Thành phố thủ Dầu Một, Bình Dương",17 tỷ,https://mogi.vn/binh-duong/mua-nha,2026-02-02 15:50:44
Bình Dương,"Nhà Mỹ Phước 3, Bình Dương 1 Trệt 3 Lầu, Ngay Trục Chính, Gần Chợ Trườ","Thị Xã Bến Cát, Bình Dương",3 tỷ 900 triệu,https://mogi.vn/binh-duong/mua-nha,2026-02-02 15:50:44
Bình Dương,TDC Hòa Lợi (Golden Boulevard),"Thị Xã Bến Cát, Bình Dương",4 tỷ 150 triệu,https://mogi.vn/binh-duong/mua-nha,2026-02-02 15:50:44
Bình Dương,"Bán Khách Sạn 5 tầng , TTHC Dĩ An , 20 phòng ,@939.20.8616","Thành Phố Dĩ An, Bình Dương",15 tỷ 800 triệu,https://mogi.vn/binh-duong/mua-nha,2026-02-02 15:50:44
Bình Dương,"Giảm 4 tỷ , Mặt Tiền QL 1K , 243m2 (ngang 8m) , 3 Tầng , 60tr tháng","Thành Phố Dĩ An, Bình Dương",20 tỷ 500 triệu,https://mogi.vn/binh-duong/mua-nha,2026-02-02 15:50:44
Bình Dương,"Bán nhà Mặt Tiền KD QL 1K , 235 m2 , Nhỉnh 40tr /m2 , Lh @939.208.616","Thành Phố Dĩ An, Bình Dương",10 tỷ 500 triệu,https://mogi.vn/binh-duong/mua-nha,2026-02-02 15:50:44
Bà Rịa - Vũng Tàu,"Bán nhà phố The Light City Vũng Tàu  sân vườn, riêng tư, chuẩn pháp lý","TP. Vũng Tàu, Bà Rịa - Vũng Tàu",5 tỷ 500 triệu,https://mogi.vn/ba-ria-vung-tau/mua-nha,2026-02-02 15:50:46
Bà Rịa - Vũng Tàu,"Bán nhà góc 2 mặt tiền - nhìn thẳng ra Lê Ngọc Hân, P1, TP Vũng Tàu","TP. Vũng Tàu, Bà Rịa - Vũng Tàu",10 tỷ 560 triệu,https://mogi.vn/ba-ria-vung-tau/mua-nha,2026-02-02 15:50:46
Bà Rịa - Vũng Tàu,Bán nhà 1 trệt 2 lầu đường Nguyễn Thị Minh Khai - Vũng Tàu,"TP. Vũng Tàu, Bà Rịa - Vũng Tàu",12 tỷ 500 triệu,https://mogi.vn/ba-ria-vung-tau/mua-nha,2026-02-02 15:50:46
Bà Rịa - Vũng Tàu,"Bán nhà 1 trệt 2 lầu đường Nguyễn Thị Minh Khai, phường 8","TP. Vũng Tàu, Bà Rịa - Vũng Tàu",12 tỷ 500 triệu,https://mogi.vn/ba-ria-vung-tau/mua-nha,2026-02-02 15:50:46
Bà Rịa - Vũng Tàu,cần bán nhà thị trấn đất đỏ brvt,"Huyện Đất Đỏ, Bà Rịa - Vũng Tàu",3 tỷ,https://mogi.vn/ba-ria-vung-tau/mua-nha,2026-02-02 15:50:46
Bà Rịa - Vũng Tàu,"🏡🌟 Cơ hội vàng đầu tư- bán nhà 1trệt 2 lầu khu phố chợ, LAN ANH2","Thành phố Bà Rịa, Bà Rịa - Vũng Tàu",2 tỷ 400 triệu,https://mogi.vn/ba-ria-vung-tau/mua-nha,2026-02-02 15:50:46
Bà Rịa - Vũng Tàu,gia đình cần bán nhà cấp 4 tại xã phước hưng -long hải,"Huyện Long Điền, Bà Rịa - Vũng Tàu",1 tỷ 180 triệu,https://mogi.vn/ba-ria-vung-tau/mua-nha,2026-02-02 15:50:46
Bà Rịa - Vũng Tàu,"chính chủ cần bán căn nhà cấp 4 khang trang  ,  tại trấn long điền.","Huyện Long Điền, Bà Rịa - Vũng Tàu",1 tỷ 350 triệu,https://mogi.vn/ba-ria-vung-tau/mua-nha,2026-02-02 15:50:46
Bà Rịa - Vũng Tàu,"cần bán gấp lô dất phủ hồng - xã long phước , tp brvt","Thành phố Bà Rịa, Bà Rịa - Vũng Tàu",9 tỷ 500 triệu,https://mogi.vn/ba-ria-vung-tau/mua-nha,2026-02-02 15:50:46
Bà Rịa - Vũng Tàu,Gia đình cần bán lô đất nền dự án khu dân cư hiện hữu .  Thành phố Bà,"Thành phố Bà Rịa, Bà Rịa - Vũng Tàu",3 tỷ 300 triệu,https://mogi.vn/ba-ria-vung-tau/mua-nha,2026-02-02 15:50:46
Bà Rịa - Vũng Tàu,"chính chủ cần bán lô đấy đẹp, có sẵn chòi gỗ & ao cá.","Thành phố Bà Rịa, Bà Rịa - Vũng Tàu",5 tỷ 200 triệu,https://mogi.vn/ba-ria-vung-tau/mua-nha,2026-02-02 15:50:46
Bà Rịa - Vũng Tàu,"Giảm Hơn 900 Triệu! Nhà Gần Vòng Xoay Dầu Khí – Bình Giã, Vũng Tàu – C","TP. Vũng Tàu, Bà Rịa - Vũng Tàu",3 tỷ 750 triệu,https://mogi.vn/ba-ria-vung-tau/mua-nha,2026-02-02 15:50:46
Bà Rịa - Vũng Tàu,chủ cần bán gấp giảm từ 4.7 tỷ còn 3.750 tỷ cho căn nhà tại đường bình,"TP. Vũng Tàu, Bà Rịa - Vũng Tàu",3 tỷ 750 triệu,https://mogi.vn/ba-ria-vung-tau/mua-nha,2026-02-02 15:50:46
Bà Rịa - Vũng Tàu,"Bán đất hẻm ô tô đường Ba Cu, cách chợ cô Giang chỉ vài bước chân","TP. Vũng Tàu, Bà Rịa - Vũng Tàu",4 tỷ,https://mogi.vn/ba-ria-vung-tau/mua-nha,2026-02-02 15:50:46
Bà Rịa - Vũng Tàu,"Nhà 1 Trệt 1 Lầu Hẻm Thông Lê Lợi – Trần Phú, Vị Trí Đẹp, Tiện Ở hoặc","TP. Vũng Tàu, Bà Rịa - Vũng Tàu",3 tỷ 700 triệu,https://mogi.vn/ba-ria-vung-tau/mua-nha,2026-02-02 15:50:46
Đồng Nai,Nhà bán đường N9 khu D2D gần topaz đường thông 6 tỷ hiếm người bán,"TP. Biên Hoà, Đồng Nai",6 tỷ,https://mogi.vn/dong-nai/mua-nha,2026-02-02 15:50:48
Đồng Nai,Biệt thự xây thô góc 2 mặt tiền P.Bửu Long giá 14 tỷ siêu víp hiếm,"TP. Biên Hoà, Đồng Nai",14 tỷ,https://mogi.vn/dong-nai/mua-nha,2026-02-02 15:50:48
Đồng Nai,"Siêu phẩm mặt tiền N1 cặp ngang 10m giá 28,5 tỷ dòng tiền cho thuê 50t","TP. Biên Hoà, Đồng Nai",28 tỷ 500 triệu,https://mogi.vn/dong-nai/mua-nha,2026-02-02 15:50:48
Đồng Nai,"MT 768 Xã Tân Bình Vĩnh Cửu 345m2 có nhà cho thuê 2 mặt tiền 9,2 tỷ","Huyện Vĩnh Cửu, Đồng Nai",9 tỷ 200 triệu,https://mogi.vn/dong-nai/mua-nha,2026-02-02 15:50:48
Đồng Nai,"Bán  nhà P.Tân Tiến gần GX Bình Hải 3,25 tỷ 1 trệt 1 lầu 3PN 70m2 đất","TP. Biên Hoà, Đồng Nai",3 tỷ 250 triệu,https://mogi.vn/dong-nai/mua-nha,2026-02-02 15:50:48
Đồng Nai,Tài sản 80 tỷ cho thuê dòng tiền 150tr/th 270m2 siêu đắc địa góc 2MT,"TP. Biên Hoà, Đồng Nai",80 tỷ,https://mogi.vn/dong-nai/mua-nha,2026-02-02 15:50:48
Đồng Nai,"Nhà P.Hoà Bình cũ ( Trấn Biên) 58m2 kiêng cố 2 tấm đường xe hơi 3,6 tỷ","TP. Biên Hoà, Đồng Nai",3 tỷ 600 triệu,https://mogi.vn/dong-nai/mua-nha,2026-02-02 15:50:48
Đồng Nai,"Nhà bán P.Tân Phong kế KDC Tân Phong 141m2 giá 3,1 tỷ đường oto SHR","TP. Biên Hoà, Đồng Nai",3 tỷ 100 triệu,https://mogi.vn/dong-nai/mua-nha,2026-02-02 15:50:48
Đồng Nai,Bán 839m2 MT Võ Thị Sáu 195tỷ dòng tiền cho thuê hơn 2 tỷ/năm cực hiếm,"TP. Biên Hoà, Đồng Nai",195 tỷ,https://mogi.vn/dong-nai/mua-nha,2026-02-02 15:50:48
Đồng Nai,"Nhà thô cần bán KDC Tín Nghĩa 6,8 tỷ góc 3 mặt tiền siêu hiếm cần bán","TP. Biên Hoà, Đồng Nai",6 tỷ 800 triệu,https://mogi.vn/dong-nai/mua-nha,2026-02-02 15:50:48
Đồng Nai,"Nhà bán 1 trệt 1 lầu 3PN KDC Bửu Long 2 giá 4,3 tỷ đường thông bàn cờ","TP. Biên Hoà, Đồng Nai",4 tỷ 300 triệu,https://mogi.vn/dong-nai/mua-nha,2026-02-02 15:50:48
Đồng Nai,Lô đất biệt thự D2D đã khó nay siêu hiếm cần bán cặp đất và nhà 16x18,"TP. Biên Hoà, Đồng Nai",23 tỷ,https://mogi.vn/dong-nai/mua-nha,2026-02-02 15:50:48
Đồng Nai,Bán Nhà Mặt Tiền 12m Ngang Mặt Tiền Nở Hậu Phạm Văn Thuận Tam Hiệp 68t,"TP. Biên Hoà, Đồng Nai",68 tỷ,https://mogi.vn/dong-nai/mua-nha,2026-02-02 15:50:48
Đồng Nai,"Nhà bán P.Hoà Bình gần lẩu tôm 5 ri 172m2 giá 4,6tỷ nhà cũ hẻm xe hơi","TP. Biên Hoà, Đồng Nai",4 tỷ 600 triệu,https://mogi.vn/dong-nai/mua-nha,2026-02-02 15:50:48
Đồng Nai,"Biệt thự KDC Bửu Long nhà thô 9,45 tỷ view đẹp hoàn thiện ở ngay NGỘP","TP. Biên Hoà, Đồng Nai",9 tỷ 450 triệu,https://mogi.vn/dong-nai/mua-nha,2026-02-02 15:50:48
